{
  "type_accuracy": 0.8571428571428571,
  "type_correct": 12,
  "type_total": 14,
  "extraction_accuracy_clean": 0.8260869565217391,
  "extraction_accuracy_adversarial": 0.35714285714285715,
  "clean_correct": 19,
  "clean_total": 23,
  "adv_correct": 10,
  "adv_total": 28,
  "calibration_ece": 0.10730200503998158,
  "calibration_correlation": 0.9999999999999998,
  "linking_f1": 0.2857142857142857,
  "linking_precision": 0.4,
  "linking_recall": 0.2222222222222222,
  "predicted_groups": 3,
  "expected_groups": 2,
  "predicted_pairs": 5,
  "expected_pairs": 9,
  "correct_flags": 3,
  "total_expected_flags": 7,
  "flag_accuracy": 0.42857142857142855,
  "clarification_accuracy": 0.7142857142857143,
  "detected_hooks": 1,
  "expected_hooks": 1,
  "hook_recall": 1.0
}